basin,NSE,Alpha-NSE,Beta-NSE,FHV,FMS,FLV,KGE,Beta-KGE,Peak-Timing,Peak-MAPE,Pearson-r
102101A,0.620820015668869,0.7430530786514282,-0.039686065167188644,-32.874202728271484,-5.913236116332839,90.91706108673944,0.6369523660335772,0.8522746562957764,0.6363636363636364,64.8651123046875,0.7903357756660008
104001A,0.7303069531917572,0.7470048069953918,0.017109664157032967,-11.017101258039474,-49.196609267102986,71.61277261990301,0.7027818556848533,1.0737006664276123,0.3,44.34010028839111,0.8625217493753057
105101A,0.7465455532073975,1.0006226301193237,0.05313288792967796,2.567068301141262,-50.99286361359597,-48.98129591932461,0.7648669891346609,1.1990042924880981,0.8181818181818182,39.69918164339932,0.8747624788585878
105102A,0.6017207205295563,0.8054229021072388,0.026133177801966667,-10.246972739696503,-36.01702201260687,-27.702134781936817,0.672922829829546,1.1387330293655396,0.5,51.80464744567871,0.7766787632458495
105105A,0.7489044368267059,0.9787908792495728,0.024291174486279488,-2.790415845811367,-29.2872039602615,88.84875978377849,0.8411742501109652,1.091973066329956,0.8,34.433584213256836,0.8722629768051818
107001B,0.8703901767730713,1.013883352279663,-0.002605755813419819,5.268643796443939,29.516158526545404,27.593210258866545,0.9342830181211969,0.992713451385498,0.5,20.446903705596924,0.9361808771133118
108002A,0.8112173229455948,0.9523513913154602,-0.038388680666685104,-8.375780284404755,-11.02844278394274,21.45105546378393,0.8563790928424139,0.9055606722831726,0.6923076923076923,45.143813353318436,0.9028517192967922
108003A,0.559872180223465,1.192711353302002,0.07556673139333725,24.031759798526764,-11.194297350619157,-8.680085492114205,0.7063304832729844,1.1461743116378784,0.3125,53.733885288238525,0.833455141237016
112002A,0.8406676352024078,0.8960183262825012,-0.06373661756515503,-14.279258251190186,6.986367841574266,22.9996964258633,0.830660866217772,0.8933912515640259,0.13333333333333333,34.34385299682617,0.9193890297916089
112102A,0.8547721952199936,0.8522526621818542,-0.0616426020860672,-12.78742104768753,6.737014940729592,34.83487713548671,0.8093355834841356,0.902018666267395,0.14285714285714285,30.13490949358259,0.9298337536064123
113004A,0.8777039051055908,0.8691349625587463,-0.09455199539661407,-12.812547385692596,-7.606362632993445,6.290053769902837,0.7963293744558706,0.8540844321250916,0.07142857142857142,27.64315775462559,0.9446401523053105
116006B,0.856595367193222,0.8478513360023499,-0.0722971260547638,-17.843681573867798,-20.43233555902414,63.7963243833379,0.6895931354660885,0.7380809783935547,0.6,36.96603775024414,0.9321646720784319
116010A,0.8205123543739319,0.7454856634140015,-0.10328327864408493,-27.07095742225647,67.83566762111055,-403.69788926254,0.594175366218797,0.691703736782074,0.5,36.27192974090576,0.9302181976321918
116011A,0.7456229627132416,0.7177094221115112,-0.056173525750637054,-22.70687222480774,-25.128695557600395,62.16468626583376,0.6503951942271273,0.8319073915481567,0.3,50.22160530090331,0.880499268459451
116012A,0.6941643953323364,0.5831639170646667,-0.09790866076946259,-43.714600801467896,3.068935425113829,69.24439386761333,0.39220786451039025,0.5703163146972656,0.5,63.31806659698487,0.8949719536942213
116013A,0.8019647896289825,0.7855663895606995,-0.07449907064437866,-23.40357005596161,20.479185001151297,-29.913506631070106,0.6821947937696418,0.7847713232040405,0.6,52.787046432495124,0.9067530563195378
116014A,0.7428361475467682,0.9125458598136902,-0.017879238352179527,-6.871918588876724,-36.44337265546223,90.5784375272022,0.8243518194874881,0.9324634075164795,0.6666666666666666,49.939987394544815,0.8634611214439488
116015A,0.7368942201137543,0.653680145740509,-0.0778917670249939,-30.189764499664307,0.7056841118370912,-6.312758092158843,0.5654753972969374,0.7594241499900818,0.25,43.61603260040283,0.8951312759115251
121001A,0.8249546885490417,0.8730741143226624,-0.038995228707790375,-14.051726460456848,-82.37624233320187,-90.43794845243875,0.738422816858075,0.7897965312004089,0.3333333333333333,37.870872020721436,0.9098504354413902
122004A,0.727956622838974,0.6676685214042664,-0.01586907170712948,-27.17699706554413,88.14998524225473,17.20218384933999,0.6341782982166602,0.9062893986701965,0.21428571428571427,51.092008181980674,0.8791710753650479
126003A,0.7700052857398987,0.9016982316970825,0.03670920059084892,-1.7701433971524239,-14.595647880413734,-25.57061219417224,0.7262075402410141,1.2248425483703613,0.09090909090909091,30.45753999189897,0.8785714127080564
136202D,0.7793694138526917,1.0079017877578735,0.01948457583785057,16.339614987373352,-19.23329825834401,-25.105377789867312,0.7682918756362578,1.2041929960250854,0.8,36.94737195968628,0.8907688825439728
136203A,0.7585383951663971,1.0074903964996338,0.01832825131714344,8.067213743925095,-83.21141461520862,44.99328708511403,0.7960286805401445,1.1650296449661255,0.16666666666666666,33.91528924306233,0.8803613381685199
136208A,0.8342651128768921,0.9169885516166687,-0.0064337668009102345,-9.364695101976395,-0.4252674737851338,-42.73350400626976,0.8649266438197636,0.937901496887207,0.4,46.0550594329834,0.9134108153506167
137101A,0.5704480707645416,0.8692705631256104,-0.0066047897562384605,-12.709587812423706,-32.06915255976218,-18.8614148134193,0.7207593026776572,0.9320920705795288,0.16666666666666666,49.38509464263916,0.7627792283601675
137201A,0.729873776435852,0.8389120697975159,-0.0024762770626693964,-10.493703186511993,-34.258985277083255,-30.559092737246075,0.7814348652750444,0.9746439456939697,0.2857142857142857,30.479420934404644,0.85447176435328
138004B,0.5089426040649414,0.7138037085533142,-0.030577566474676132,-30.877986550331116,-51.99584809088319,-51.06821051443068,0.5105711239230645,0.7245567440986633,0.3333333333333333,51.75558725992838,0.7140571380877523
138009A,0.804365485906601,0.9389532208442688,-0.004900743253529072,6.7259810864925385,-27.866362912236553,81.71174004261033,0.8764226700918972,0.9667739868164062,0.4444444444444444,22.477751308017307,0.8978203578502493
138010A,0.776405468583107,0.7691659927368164,-0.022231824696063995,-20.275333523750305,-8.623369739679276,83.04420871633003,0.644182877928333,0.7527438402175903,0.2,45.887794494628906,0.8896103406118147
138113A,0.8655571341514587,0.8558713793754578,-0.00010995213233400136,-7.40407258272171,-56.74136494446026,75.22889289357764,0.8413057429259112,0.9989675283432007,0.375,43.07922422885895,0.933594112102603
143009A,0.5179654359817505,1.4649134874343872,0.018812648952007294,34.51353311538696,165.51152577258114,50.43519591745896,0.48991496975372584,1.1892828941345215,0.6,42.14035987854004,0.9093679236087031
143110A,0.8021034002304077,0.8664889931678772,-0.014901897870004177,-16.13025814294815,-3.5518504100194708,27.010245135447946,0.7771968278025055,0.854928731918335,0.5,57.71224975585938,0.8962195019615106
143303A,0.8385526686906815,0.8412714600563049,-0.01965952478349209,-9.80406329035759,-20.322431343487388,56.08585999902444,0.8000089252821001,0.9089997410774231,0.38461538461538464,27.976663296039288,0.9192495606811494
145010A,0.8463650792837143,0.8361043334007263,-0.007021518424153328,-16.055361926555634,7.9542747731598595,49.174798916314735,0.8170873825735592,0.9708061814308167,0.35714285714285715,40.244715554373606,0.9242176996844195
145011A,0.889186218380928,0.9465353488922119,-0.005445566028356552,-8.47543403506279,-10.744744522320131,-6.0300281221758665,0.9099316617136908,0.9552384614944458,0.2222222222222222,32.682977782355415,0.942989112318827
145018A,0.8455746322870255,1.111261010169983,-0.028009016066789627,-10.036621242761612,-48.00754079488944,76.25096963109195,0.797832996073251,0.8436263799667358,0.15384615384615385,54.58566592289851,0.9364407673869055
145101D,0.9032591208815575,0.8818985819816589,-0.015325239859521389,-14.564883708953857,-16.54301996790911,90.14030272043303,0.8485737730127368,0.9175921082496643,0.2727272727272727,34.1244480826638,0.9531929849390055
145107A,0.8976966962218285,0.8948242664337158,-0.02374064177274704,-12.225711345672607,-17.8467407020909,56.35169984741984,0.8518705728042195,0.9088234901428223,0.2857142857142857,34.92938109806606,0.9493320977303383
146010A,0.8630195558071136,0.7306656837463379,0.0016245611477643251,-11.933661252260208,-7.326102189213376,86.01985049440579,0.7268422148658908,1.011396050453186,0.2727272727272727,31.359398365020752,0.9559054232176687
146012A,0.8946571797132492,0.9267283082008362,0.0009625775273889303,-0.9962614625692368,-6.264826820690194,-100.30721858009166,0.9089327240168471,1.0038882493972778,0.11764705882352941,36.20838277480182,0.9460612435024254
146014A,0.6080157458782196,0.44385412335395813,-0.0391068197786808,-41.04231297969818,21.969354262126334,25.336192055840456,0.3617265928987856,0.7004393339157104,0.0,42.397746443748474,0.908577281612638
146095A,0.8760996311903,0.8882920742034912,0.030655626207590103,-3.339047357439995,-5.165714526017259,-2.756214000997837,0.7984423299929185,1.1558188199996948,0.3125,33.41663479804993,0.9378121475943417
204034,0.7562583535909653,0.6355628967285156,-0.07694971561431885,-50.58472752571106,-27.601375946277294,87.21799086272868,0.46828007361143986,0.6217309236526489,0.21428571428571427,53.11882836478097,0.9173913820653854
206014,0.5622519850730896,0.6339291930198669,-0.049195025116205215,-33.60758423805237,-7.7355574700550145,-3.704598515401389,0.4844572235054767,0.7256025671958923,0.6,61.58989588419597,0.762339385797496
206018,0.610447496175766,0.5846878290176392,-0.036582477390766144,-37.376970052719116,-39.49611019122552,-25.25009947900007,0.5106724348637566,0.8185523152351379,0.3333333333333333,41.71879768371582,0.8155169267126275
208007,0.7879288196563721,0.6615654826164246,-0.11205259710550308,-34.66821908950806,-7.441875252303441,29.158664487226215,0.530476749017451,0.6809555292129517,0.3333333333333333,46.20980898539225,0.9357755006498273
208009,0.6712487637996674,0.8438308238983154,-0.05066751688718796,-13.997967541217804,12.828083582908539,-139.36413721219756,0.7406141011918813,0.8955297470092773,0.4375,45.89844346046448,0.8211755073367437
210006,0.6638525724411011,0.6185395121574402,-0.01808326132595539,-39.20135200023651,-48.34652915510901,-3.619266168014156,0.5639936386277928,0.8553498983383179,0.7777777777777778,76.30530463324654,0.8461631011063566
210011,0.8975392505526543,0.8551395535469055,-0.013952229171991348,-9.550570696592331,31.20392169713499,7.502294569742082,0.8353638696647205,0.9378561973571777,0.13333333333333333,33.960072199503585,0.9524746987566073
211008,0.6669915020465851,0.8812179565429688,0.019973503425717354,-15.616576373577118,-51.910551026137476,-58.316586961060814,0.7393817559601192,1.1454455852508545,0.23076923076923078,57.98033200777494,0.8192839879544725
212209,0.4467308521270752,0.6760899424552917,-0.22584062814712524,-21.70817404985428,-49.317569445499224,50.73018500944989,0.3842890151108287,0.5666059851646423,0.4666666666666667,53.332672119140625,0.7061430289418559
212260,0.5090761780738831,1.363800048828125,-0.0018417981918901205,16.67020171880722,-5.9893372915169465,84.79737587261938,0.6131490594402749,0.9953663349151611,0.3157894736842105,35.05730628967285,0.8685401056120938
215002,0.7160671353340149,1.2069814205169678,-0.02738438919186592,17.007605731487274,-2.993518312084191,87.43736133139568,0.7488564586981252,0.8984177112579346,0.3076923076923077,50.893196692833534,0.9004369118982929
215004,0.7586583942174911,0.8476821780204773,-0.04828161746263504,-19.889606535434723,-1.1039192624488985,-0.1267850245216763,0.6835290824989394,0.7535261511802673,0.4117647058823529,56.48663838704427,0.8727059915810446
215207,0.737466961145401,0.7435634136199951,-0.012021192349493504,-18.11777651309967,-23.436494201365093,86.67150285565685,0.7058561739560064,0.9427410364151001,0.5333333333333333,60.15453338623047,0.8677794318014305
216002,-0.21220219135284424,1.7040510177612305,0.026930075138807297,44.93558704853058,16.736320279364463,-66.34861399084303,0.25865154582275673,1.098989486694336,0.25,65.20503997802734,0.789974343414059
216004,0.6672211587429047,0.9964652061462402,0.12973156571388245,3.866933658719063,-71.81650084134905,-127.08751280697604,0.28573599649499604,1.6964404582977295,0.35294117647058826,52.488848742316755,0.8414715798935212
218001,0.708296537399292,1.2527406215667725,0.048055749386548996,23.983582854270935,-22.848717129637304,83.43672435632816,0.6817899009964736,1.1711087226867676,0.29411764705882354,45.630953047010635,0.9099908319204181
219001,0.6883106231689453,1.1914106607437134,0.04404330998659134,26.727136969566345,12.63737922595487,36.67971926336552,0.7189322679147614,1.1709502935409546,0.16666666666666666,39.431163999769424,0.8853831333901683
221207,0.7766259908676147,0.9373213052749634,0.015986531972885132,-6.554495543241501,-11.48656859439414,-13.807482293791425,0.862947949275309,1.03440260887146,0.25,36.5803062915802,0.8830764936454338
221210,0.8281375020742416,1.0924434661865234,0.06256607174873352,15.001381933689117,-45.66473291876911,78.5260440552546,0.6122260574441774,1.3694592714309692,0.3076923076923077,39.52320905832144,0.9270432810605839
222206,0.8328503221273422,0.7652170658111572,0.00040721206460148096,-19.711679220199585,-20.586620263851973,90.47129769346044,0.7540680420796484,1.00117826461792,0.14285714285714285,38.96346773420061,0.9268008645358068
222213,0.16541379690170288,0.318308025598526,-0.024891741573810577,-50.263512134552,-19.167816204671546,84.2258973618177,0.1007244760464443,0.9131301641464233,0.2,27.978026072184242,0.41996021547023615
223202,0.747824490070343,0.6443157196044922,-0.01538789365440607,-30.886995792388916,-33.765627028861815,89.36750121048952,0.6263919589505322,0.940018355846405,0.09090909090909091,46.5770114551891,0.9026662269251721
224206,0.7373059093952179,0.7095634341239929,-0.05725995451211929,-24.832385778427124,-15.282040108326647,85.42785155826944,0.6675819579935691,0.8954489231109619,0.2,46.49923642476399,0.8766410596070009
224213A,0.7270920276641846,0.6198014616966248,-0.061505116522312164,-36.98328733444214,-14.463557266639807,52.437960243297,0.5938154078289365,0.898335337638855,0.29411764705882354,46.67803259456859,0.8995047721722842
224214A,0.7083509564399719,0.5202021598815918,-0.07427654415369034,-45.28141915798187,-10.760945210243005,46.81439120286603,0.41082816255893906,0.6623197197914124,0.1,53.767147064208984,0.9462457907728514
225020A,0.7469243407249451,0.8010233640670776,0.03654788061976433,-27.78799533843994,-8.747358221820585,-56.13018725050832,0.7582442345773353,1.036307454109192,0.4,38.92783277175006,0.8675767496093503
225110A,0.7917376756668091,0.8100746273994446,0.05103675648570061,-20.128503441810608,-18.928798283108407,71.32447644383869,0.7622677908597106,1.0974090099334717,0.5384615384615384,36.987014917226944,0.895326981083742
225219,0.6635266840457916,0.7873449325561523,-0.019818151369690895,-18.881453573703766,-6.221178407888131,39.09125413392672,0.7162733225585038,0.965919554233551,0.375,43.260204792022705,0.8152916542253611
226220,0.3104955554008484,1.2268620729446411,0.4988769292831421,23.299705982208252,-1.7635908693176816,24.104707687746675,0.5139056045020333,1.399584174156189,0.14285714285714285,36.11384346371606,0.841400350070656
226222,-0.0726468563079834,1.3297975063323975,0.3450092077255249,19.459497928619385,-11.524717973173624,24.953581156998215,0.4932222339212252,1.2171380519866943,0.36363636363636365,40.22650096727454,0.6823392133294554
226407,0.5555325448513031,1.3698934316635132,0.17990511655807495,37.93545067310333,-1.5061379894238875,-17.591921534825634,0.47777042225522215,1.3546932935714722,0.10526315789473684,55.17441598992598,0.8995248857721457
227225A,0.4271043539047241,1.3783663511276245,0.08474326878786087,53.26780676841736,40.87790745116991,-15.681469735755538,0.5388414142720197,1.2145023345947266,0.2,61.89633687337239,0.8467195577432981
227226,0.7367693185806274,1.005876898765564,0.02758251316845417,19.797706604003906,-7.795954288648075,44.26927109684411,0.8516175501688588,1.0704652070999146,0.29411764705882354,51.38764661901137,0.8695489821152912
227227,0.4532510042190552,0.638154149055481,-0.09120827913284302,-42.0682817697525,-24.33013352550215,66.0081239073065,0.45380830946285033,0.7441596984863281,0.23529411764705882,36.26518810496611,0.6807216213279392
229650A,0.6517954766750336,0.985402524471283,0.19831909239292145,-5.610272288322449,-2.198570368136024,69.84062467215236,0.7114784853981448,1.2418735027313232,0.5,60.447490215301514,0.8433833125978664
229661A,0.8377843499183655,1.1161322593688965,0.15119388699531555,10.888968408107758,-6.277490281263681,45.46960225437169,0.7607576698428409,1.201421856880188,0.4166666666666667,42.82872676849365,0.9436135969950245
230210,0.5506819188594818,1.1575154066085815,0.14886634051799774,59.3028724193573,-76.54000952016578,-2396.721149394867,-0.979537817898019,2.965592384338379,0.0,43.301286697387695,0.8262028544528133
231213,0.7623676359653473,1.2619543075561523,0.1383192241191864,39.57590162754059,-66.85851750664759,69.07367469712,0.27825347342807527,1.669904112815857,0.1111111111111111,53.493399620056145,0.9406159196095927
235205,0.8685574233531952,1.0544642210006714,0.10975176095962524,8.022265136241913,-9.531911117156897,48.21591105535117,0.8260662479673154,1.1556875705718994,0.3157894736842105,30.871960991307308,0.9447914943475438
236213,-0.18019962310791016,1.3321781158447266,0.03877950459718704,30.58379888534546,-65.48182410403632,-9325.667274405772,0.2301427868826974,1.5670562982559204,0.3333333333333333,71.18884722391763,0.5990199723790723
238208,0.8251868039369583,1.2089002132415771,0.0469806082546711,16.019044816493988,29.665029449628673,-16.891303171811117,0.7053655134722273,1.2008107900619507,0.6363636363636364,57.284775647250086,0.9466595073719505
302214,0.5164797604084015,1.4857509136199951,0.09493407607078552,47.53709435462952,-28.170482606483837,-8.533067260716862,0.28927226452225296,1.5125768184661865,0.16666666666666666,43.17615429560344,0.919719435317454
304497,0.8786405399441719,0.87965327501297,-0.023098835721611977,-8.986242115497589,-2.1010577087545017,62.33574092957759,0.8624942840256051,0.972236692905426,0.4666666666666667,25.504555702209476,0.9395542682259574
304499,0.8911210000514984,0.8469354510307312,-0.04175139591097832,-11.811824142932892,-9.80797043495127,-33.56276598260087,0.8318003048801135,0.9508036375045776,0.38095238095238093,29.528870789901067,0.9505823998511047
305202,0.7822674214839935,0.8790914416313171,0.012164194136857986,-16.203919053077698,-39.51066195555143,-15.084282007872302,0.8260620593702042,1.0480519533157349,0.11764705882352941,36.92123011538857,0.8845593767935931
307473,0.815610721707344,0.860998809337616,-0.020238887518644333,-19.165994226932526,-7.208321347392699,-27.34784428217692,0.8294198029110454,0.9748407602310181,0.46153846153846156,36.90505027770996,0.904379472457045
308145,0.686590313911438,1.0009210109710693,0.026601508259773254,-3.7269745022058487,12.176979971518447,-46.698448603584225,0.8399823033674385,1.0347025394439697,0.2857142857142857,25.502990639728047,0.843793250048145
308799,0.7962372004985809,0.9485841393470764,0.03133482113480568,-7.252971827983856,-5.947763506590324,36.168885750377136,0.8752417541166437,1.042335867881775,0.2916666666666667,26.855737686157227,0.8945073297337297
312061,0.8853917419910431,1.0741112232208252,0.10022273659706116,8.217141777276993,-11.823592190868691,46.42862515846487,0.8536286271051665,1.1174957752227783,0.3125,16.863146950216855,0.9538822355200322
314207,0.8795265033841133,1.0500774383544922,0.042932916432619095,3.8226861506700516,-18.00513026656819,9.902772778197706,0.9046826579798118,1.0593329668045044,0.11764705882352941,20.35161124335395,0.9447076415060711
314213,0.8516089022159576,1.0492902994155884,0.0459476113319397,2.835400030016899,0.996030978913762,25.103898468578105,0.8812679117803651,1.0834814310073853,0.4,20.261036554972332,0.9314534768680717
315450,0.7859666496515274,0.9508946537971497,0.005976223386824131,-0.8548921905457973,-10.523783328979126,25.40023579579146,0.8781429627464555,1.0077335834503174,0.5357142857142857,37.94177259717669,0.8887435656264011
318076,0.9258662983775139,0.8823719620704651,0.024872446432709694,-10.768892616033554,-12.190024082999813,28.81820042079272,0.8698162290533106,1.0443605184555054,0.17647058823529413,22.004077013801126,0.9661827956047995
401009,0.5735169351100922,1.1030524969100952,0.1257883906364441,7.599501311779022,-15.834314779888349,-20.76971093816147,0.6495824591248153,1.2815862894058228,0.25,49.538641709547775,0.8186666124171645
401012,0.8106805086135864,0.968305766582489,0.10553863644599915,-5.112108960747719,-13.363467683712985,5.464678438635401,0.8379467094034445,1.1299488544464111,0.17647058823529413,20.903595756081973,0.9085120784512324
401015,0.12374168634414673,1.6393585205078125,0.05461163446307182,27.078518271446228,-83.39975371958865,-2368.3658225174695,0.22501031299911378,1.4144384860992432,0.36363636363636365,60.15864285555753,0.8583298251163631
401203,0.798900693655014,0.7930874824523926,-0.02547646127641201,-23.507584631443024,-5.332138721519804,20.48609577383149,0.7682848364932336,0.9683405756950378,0.16666666666666666,34.174773428175186,0.9006178691426026
401208,0.865342304110527,0.9576356410980225,0.14695872366428375,1.6382217407226562,-26.80329961368159,53.49425177100149,0.6641698772818219,1.328042984008789,0.21428571428571427,21.960515635354177,0.9419058259173921
401210,0.8180197030305862,0.98708176612854,0.05793389678001404,1.6520259901881218,-2.0440351770807363,21.844335776304852,0.8827324715707399,1.0735751390457153,0.29411764705882354,27.054234112010285,0.9096036982396223
401212,0.8322879523038864,0.9353815913200378,0.03172754868865013,-5.358348786830902,0.35410213593452305,-31.137903671760114,0.8844531459906722,1.0403434038162231,0.5,25.449877977371216,0.9131210813853932
401216,0.8367101550102234,0.9179150462150574,-0.006610986310988665,-8.696792274713516,6.46910835129151,7.95567908387077,0.8814293792416684,0.9927096366882324,0.2777777777777778,27.73123052385118,0.9147480025341203
401217,0.8470764607191086,0.9107407331466675,0.04110162705183029,-8.811629563570023,-11.280695575728894,34.434557644788164,0.8679449297653584,1.0573136806488037,0.25,31.659528613090515,0.9213459036923782
402204,0.8172768801450729,0.8060898184776306,0.01698700152337551,-10.106203705072403,-9.685849643814294,-9.691496424729523,0.7808379964390175,1.0485812425613403,0.35714285714285715,44.39980302538191,0.9101629910447699
402206,0.8327978104352951,0.8134920597076416,-0.03700846806168556,-13.39976042509079,-9.580636417921383,62.65545224624294,0.7881653512994665,0.9399914741516113,0.2,26.49404048919678,0.9194538429005841
402213,0.8430089503526688,0.7936708331108093,0.03944525122642517,-12.313049286603928,-23.515685299339985,64.04711571204177,0.7463179557014167,1.1293342113494873,0.23076923076923078,37.882262009840744,0.9288978462708264
402217,0.8492366820573807,0.8199347257614136,0.12230757623910904,-8.659403771162033,-28.159301168785646,82.85758562673888,0.4877183259108204,1.4754310846328735,0.14285714285714285,45.80559049333845,0.9369579950683312
403209A,0.9154053181409836,0.8894262909889221,-0.0695747509598732,-8.202524483203888,-6.609333784019118,-51.97324021421961,0.8335449156550907,0.8815107941627502,0.3333333333333333,25.359333478487457,0.9620387292117055
403213A,0.8804335072636604,0.9711405038833618,0.005647475365549326,8.167961239814758,-16.295340535066295,60.67025069923214,0.9311195104477414,1.0132912397384644,0.23076923076923078,29.649184300349308,0.938885400508003
403214,0.813006728887558,0.7744180560112,-0.00036277121398597956,-23.677442967891693,-24.170988829851286,33.79229002146258,0.757904984757253,0.9992636442184448,0.3076923076923077,38.772627023550186,0.9121237191741551
403217,0.7156967520713806,0.7674980163574219,0.05954473093152046,-15.032480657100677,-10.077362442307441,64.99735537427924,0.6738466225574529,1.1746628284454346,0.15384615384615385,45.481425065260666,0.8523119856627231
403221,0.8405364751815796,0.8099763989448547,0.010049432516098022,-16.27417355775833,-11.45892010745266,75.01204803584612,0.7925774704681915,1.033559799194336,0.6666666666666666,40.88338216145833,0.9239153321789151
403222,0.8739352375268936,0.8159378170967102,-0.0555291511118412,-23.156656324863434,-10.635702848171423,54.7902585756849,0.7904427348936034,0.9160115122795105,0.4,38.62425486246745,0.9453987718620392
403226,0.8781960904598236,1.1025846004486084,0.02502196840941906,12.776200473308563,-22.375190279528006,-25.167793207458715,0.8732685562705944,1.0549479722976685,0.38461538461538464,40.43605877802922,0.949820532875353
403232,0.8484083414077759,1.0447914600372314,0.03368200734257698,0.6180302705615759,-19.137700668984042,-9.36835283716895,0.8961876678566275,1.061021089553833,0.3333333333333333,22.493278980255127,0.92895668896763
404207,0.8861816376447678,0.8952236771583557,0.045357029885053635,-2.3722995072603226,-36.87171307432767,-31.281227060251958,0.8001476205808888,1.1606063842773438,0.15384615384615385,24.629026192885178,0.9437107020773744
405205,0.6300629377365112,1.0150775909423828,0.042143117636442184,8.580637723207474,-17.29123902962536,37.80929519578248,0.8152546814888756,1.0325214862823486,0.4,38.49358081817627,0.8187657540829052
405209,0.8599666208028793,0.9302230477333069,-0.06237563118338585,-3.053528815507889,-9.867889800062883,39.17841317081136,0.8797141515919019,0.9320213794708252,0.3125,33.163416385650635,0.9294396045179872
405215,0.8786109760403633,0.8927809596061707,-0.05216381698846817,-13.558731973171234,1.5806728366400846,-2.4925902457779854,0.8585523451241818,0.9299361705780029,0.75,33.36690068244934,0.9399785350593617
405217,0.8227612376213074,0.9581825733184814,-0.00569631764665246,0.45305262319743633,-3.2581203848462685,74.46629980254073,0.898777603227542,0.9892995953559875,0.42857142857142855,30.385330745152068,0.9084424892510116
405218,0.7851235568523407,0.750586748123169,-0.08719880878925323,-32.718491554260254,5.2707333786715616,-153.58171976702562,0.7021135659165103,0.8688853979110718,0.4666666666666667,51.398471196492515,0.9033650243531687
405219,0.874309167265892,0.8315814137458801,-0.10842927545309067,-20.909588038921356,6.120906292800416,-5.457292189725519,0.7557199841212553,0.8307048678398132,0.18181818181818182,33.70881297371604,0.9485503723167188
405226,0.7847900390625,0.9379842877388,0.030301574617624283,-4.978130012750626,-63.93741083536961,-44.630394509612834,0.8032175237712562,1.149308681488037,0.45454545454545453,52.36530303955078,0.8878201799976659
405227,0.8884544000029564,0.897466778755188,0.036425381898880005,-12.426208704710007,-5.0624529648126675,11.10860672213678,0.8714218390510113,1.0541632175445557,0.15384615384615385,30.750426879295933,0.9444515717647419
405238,0.777701810002327,1.2278879880905151,0.07348313182592392,37.83004581928253,-79.7407196633268,-132.24107702768177,0.4998754061399727,1.4400900602340698,0.625,68.44344735145569,0.9328255022282469
405245,0.7711474448442459,0.9474338293075562,0.01888817921280861,-11.605499684810638,-28.36637620637822,-9.030323460759229,0.8174228297682014,1.1279829740524292,0.4,47.04817295074463,0.8808715855000191
405248,-0.5559641122817993,1.9781575202941895,0.10426130145788193,67.19359159469604,-77.45227118711975,-2163.2228037307113,-0.4532285611086977,2.064410448074341,0.125,46.90355360507965,0.8513005906395092
405251,0.8793865144252777,0.8189192414283752,0.0547008216381073,12.264346331357956,-8.981546823071252,83.49693667268761,0.664445741009611,1.2777116298675537,0.3,45.30851364135742,0.9482054999249832
405263,0.7522007375955582,0.714547872543335,-0.07745829969644547,-29.003572463989258,-1.1649228394533981,27.099254311446348,0.6623103593408474,0.8586956262588501,0.14285714285714285,32.907635825020925,0.887819563645915
405264,0.9211008548736572,0.9684238433837891,0.05267375707626343,-5.600135400891304,-11.296642892026897,33.031111762041135,0.9174875512286765,1.0656254291534424,0.38461538461538464,35.30294344975398,0.9612114245683692
405274,0.9173611924052238,0.9436792135238647,-0.0053220465779304504,-9.21889916062355,-6.253731921615363,-13.183227292154559,0.9236936423781186,0.9703506827354431,0.08333333333333333,50.465122858683266,0.9579102481597516
406208,0.5976322889328003,1.2829595804214478,0.16548994183540344,56.498926877975464,-82.61770640187355,15.327207351647868,-0.1728018073920441,2.1323373317718506,0.0,55.87867498397827,0.8850647036564937
406213,0.8075149357318878,1.1287951469421387,0.04762836918234825,7.171399146318436,-77.560692218762,-124.53026028567686,0.6520179349603676,1.3139878511428833,0.6666666666666666,34.94081497192383,0.9230912420586939
406214,0.6416760683059692,1.3152145147323608,0.06296533346176147,29.343590140342712,-78.8036562078976,-324.48359200955673,0.27847803575563856,1.6417444944381714,0.8571428571428571,48.90539305550711,0.9030579634658954
406224,0.2725873589515686,1.340972661972046,0.051804069429636,50.50672888755798,912650871.2768555,-973355566406.25,0.12764872942505745,1.7702350616455078,0.0,54.03853893280029,0.7731248517943089
407214,0.6950154602527618,1.1001125574111938,0.03004189394414425,14.609435200691223,-34.99747168811954,-66.89038587592214,0.6529379911993936,1.3042486906051636,0.25,53.07966470718384,0.8663502784651381
407215,0.7983517497777939,1.1391092538833618,0.035952743142843246,19.58440989255905,-81.18286442983937,-92.59361997788243,0.6516085624608174,1.3093750476837158,0.7142857142857143,53.958548818315776,0.920550084296262
407220,0.4550277590751648,0.8060687184333801,0.01813558302819729,-5.834012106060982,-82.44274783503826,-2018271093750.0,0.5020075796284944,1.3338717222213745,0.25,57.99323081970215,0.6854896156271909
407230,0.6906634569168091,0.9131230711936951,0.0289487075060606,7.415388524532318,-78.11100586206126,-534.7449096510779,0.6046969515637337,1.3486552238464355,0.16666666666666666,33.52142969767253,0.8352079060489209
407253,0.43026089668273926,1.1141873598098755,0.028551533818244934,19.930963218212128,-59.920321751259955,-60.92803676001486,0.6483625274195415,1.219956874847412,0.5,46.75572872161865,0.7505423238507529
408200,-4.492796897888184,3.1070401668548584,0.14060242474079132,148.3933448791504,-14.153123949009741,-222.4284118167887,-1.8730449986233086,2.9460506439208984,1.0,132.3615312576294,0.8336984946859627
408202,0.8078096061944962,0.8802149295806885,0.025509286671876907,-6.381829082965851,-84.9311124586143,-358.9856932827105,0.6582877623778496,1.3037892580032349,0.375,81.90849092271593,0.8993477423640106
410057,0.8132694214582443,0.8000666499137878,0.014376268722116947,-13.652220368385315,-20.598324368812097,53.93121659560131,0.7784786124118767,1.026651382446289,0.4444444444444444,27.441538704766167,0.9084135135733807
410061,0.8569179624319077,0.8615337014198303,0.041488345712423325,-0.47601368278265,-24.971630470117976,84.3411646873417,0.7812056393619566,1.153848648071289,0.1111111111111111,24.317045211791992,0.9290870259321037
410705,0.8756806924939156,1.0826187133789062,0.036904700100421906,6.844279915094376,-60.14564099257782,70.3780812982508,0.6887947376468893,1.2952053546905518,0.1,41.09486103057861,0.9463654768091653
410730,0.8694318681955338,0.9283711910247803,0.023199697956442833,-3.411649540066719,-19.430420305711564,30.485241587463907,0.8941735370994328,1.0392884016036987,0.35714285714285715,29.451142038617817,0.9327320620632453
410731,0.7654927521944046,1.1008000373840332,0.02368822507560253,9.687898308038712,-35.20417601746846,-11.702170817965058,0.8141248034581001,1.1185617446899414,0.2222222222222222,39.41276868184407,0.8983532890402026
410734,0.7053506672382355,1.0225917100906372,0.012588300742208958,2.9437998309731483,-44.227458580478476,85.43294026576362,0.8422657513210157,1.0608909130096436,0.35714285714285715,47.60501044137137,0.8562571582500322
410761,0.34620368480682373,1.4896477460861206,0.04149249196052551,15.506181120872498,-37.124760087284855,91.0875189448073,0.47447067221191763,1.1314266920089722,0.3333333333333333,56.76024357477824,0.8616049721060962
412028,-0.12076067924499512,1.7620491981506348,0.1191166564822197,38.42820227146149,-43.21357279344248,85.39012170924593,0.07915831856169608,1.4949393272399902,0.375,50.6553053855896,0.8507837668907192
412050,0.8190180063247681,1.0001568794250488,0.04385063424706459,14.983570575714111,-26.871991220486862,-11.232987341699326,0.7759218431437144,1.2054214477539062,0.2,30.38953867825595,0.9104845009417626
412066,-0.3086012601852417,1.8724228143692017,0.1302695870399475,44.33118999004364,-42.579006474076195,83.96447826314173,-0.05455257870141805,1.5752311944961548,0.26666666666666666,48.402414321899414,0.8583361475447642
415207,0.40533310174942017,0.9379658102989197,0.02584250457584858,-10.288260877132416,-72.28617346054705,-153.46261232485693,0.5430864627512193,1.325506329536438,0.42857142857142855,69.55428804670062,0.6854092034705417
415226,0.5945880711078644,0.5141050815582275,-0.010988389141857624,-37.413451075553894,291244983.6730957,-1131973730468.75,0.42260780947253196,0.7350293397903442,0.0,42.73113409678142,0.8354447839093806
415237,0.764893651008606,0.7949642539024353,0.01246236078441143,-9.480740129947662,-85.50676147114419,-8409.658547905232,0.6859476431486954,1.2046153545379639,0.5714285714285714,51.02391583578927,0.8786666478111748
416003,0.9131235703825951,0.823194146156311,0.006108282133936882,-1.0733210481703281,-48.534017901263304,-36.02139599708819,0.8064406259406589,1.0711710453033447,0.0,37.12554772694905,0.9662419840145002
416008,0.7639966011047363,0.9830122590065002,-0.013967237435281277,-18.610166013240814,-59.28725305640453,-71.63490688521772,0.8527858514012499,0.9161393642425537,0.46153846153846156,56.87853608812604,0.8802051087318429
418005,0.7136673629283905,1.2054674625396729,0.03237411752343178,14.218804240226746,-38.11223167395542,-35.03736835505202,0.7074037768314154,1.1822943687438965,0.5555555555555556,34.966956244574654,0.8991811784720106
418014,0.8030329793691635,0.8640458583831787,-0.008080803789198399,-10.757707059383392,-45.92991606183773,-35.9312146582568,0.8225470460518864,0.9515610933303833,0.6363636363636364,47.20231836492365,0.8967542031712827
419005,0.8143321722745895,0.9110339283943176,-0.031623270362615585,-21.03007733821869,-24.276007810815102,-6.938400711535918,0.8103427086696556,0.8634546995162964,0.8181818181818182,50.85780403830788,0.9029932622256021
422202B,0.7303824126720428,1.2244508266448975,0.0029118137899786234,-2.4085281416773796,-75.28994817873613,-560.7364907845731,0.7570524554316542,1.0251221656799316,0.875,65.46834707260132,0.9104778651854157
422306A,0.7349671125411987,0.574330747127533,-0.022144751623272896,-35.400667786598206,-70.76749718099347,-70.14405928050314,0.49073478949270455,0.7300155162811279,0.2857142857142857,46.613287925720215,0.9274388510076513
422313B,0.7381949722766876,0.6853758096694946,-0.014232750982046127,-20.24499624967575,-67.11238735185677,85.29779999713121,0.6261040341259136,0.8364872336387634,0.0,35.53267887660435,0.8813686913471596
422319B,0.6493688523769379,0.45839637517929077,-0.0352005772292614,-48.69376718997955,-90.02910656778788,-132.8879373925727,0.2869909473335289,0.5403167605400085,0.42857142857142855,53.43658924102783,0.9388547456872159
422321B,0.8179868310689926,0.7768542766571045,-0.08071000874042511,-23.186923563480377,0.6139753870128962,89.45886595012213,0.5735212000592862,0.6456776857376099,0.125,52.616435289382935,0.9190935690541763
422334A,0.747779130935669,0.6517953276634216,-0.011028177104890347,-24.354209005832672,191.8005529470249,61.06989566457573,0.5923554202277024,0.8133138418197632,0.5,46.57790660858154,0.8996212775304807
422394A,0.8562204092741013,0.7766249179840088,-0.03852709010243416,-16.704800724983215,-36.89097195100646,87.68907923097358,0.6071204243918786,0.6823222041130066,0.0,39.968940189906526,0.9405125923850394
424002,0.19612979888916016,0.8749291300773621,0.03052362985908985,-17.57856458425522,-86.41216855444397,-114.88520646681431,0.5101615918119617,1.1478888988494873,2.7142857142857144,62.79894283839634,0.5500802102262317
424201A,0.2411380410194397,1.1426609754562378,0.07271526753902435,8.245021104812622,-81.12481505184171,-125.09150500609275,0.5018724437877213,1.353327989578247,2.625,57.79768228530884,0.6791601020438921
604053,-0.3244887590408325,1.5509397983551025,0.13952505588531494,35.39096415042877,-23.81650644177571,-302.5035162284865,0.27349489992118714,1.3464584350585938,0.7272727272727273,66.21764789928089,0.6771353971000924
606001,0.6168830394744873,1.361850619316101,0.24470478296279907,31.81709349155426,-58.198882302799795,-47.88575264362101,0.2824590407648332,1.6155846118927002,0.8,38.37491989135742,0.9293972870096968
606002,0.7323466539382935,1.1486269235610962,0.21038752794265747,11.472631245851517,-69.60532612246585,-295.4977625535082,0.3867075773635469,1.5885229110717773,0.18181818181818182,43.29092719338157,0.9123734264069697
606185,0.7137107849121094,1.119485855102539,0.19699397683143616,8.460085839033127,-39.909128664816116,57.56959348473776,0.40086711556322163,1.5777841806411743,0.5,39.95751738548279,0.8958425026954088
607155,0.9098445847630501,0.9295476675033569,0.060383476316928864,-7.563295960426331,-59.78923135074488,75.14035885770838,0.8306469356237043,1.1476243734359741,0.14285714285714285,17.00641427721296,0.9561368762277437
608002,0.8728989511728287,1.099331021308899,0.12688037753105164,7.187587022781372,-0.06543517546192726,85.41890538039846,0.7845576607494494,1.185560941696167,0.14285714285714285,22.89195912224906,0.9540012319261473
610008,0.42510026693344116,1.3609791994094849,0.2959522306919098,37.46112585067749,-59.40910788792762,-350.90637034613917,0.2982276305064856,1.5873466730117798,0.1111111111111111,50.34602483113607,0.8688422252391323
613002,0.39218759536743164,1.4233609437942505,0.37848952412605286,39.150068163871765,0.06235295897314263,59.60048053725969,0.2760289568859977,1.5786654949188232,0.18181818181818182,54.65747659856623,0.8997711242826125
613146,0.4010239243507385,1.4318692684173584,0.3870352804660797,37.77889013290405,-28.203815895825677,77.70973677796634,0.06357812460628953,1.8258098363876343,0.2,23.363971710205078,0.9082777135154263
614044,0.24051928520202637,1.5307910442352295,0.347408652305603,46.80587351322174,-65.6558912721562,-2392605664062.5,-0.3083064927227739,2.1900949478149414,0.2222222222222222,80.66545062594943,0.8833776974777447
616002,0.5833674371242523,0.8313182592391968,0.1892300695180893,-14.548946917057037,-85.80804687478158,-2075352343750.0,0.16639287516268708,1.788372278213501,0.625,44.806888699531555,0.7880649631186696
616013,0.57403963804245,0.827430248260498,0.09191524237394333,-10.316324234008789,-50.96814630039624,-997.9069589420811,0.6622175066761085,1.171525001525879,0.25,43.510615825653076,0.7657013285735091
616065,0.6403990387916565,1.1530616283416748,0.15705062448978424,18.790915608406067,-83.60443121825433,-923.33152340329,0.40074887879526944,1.563407301902771,0.6666666666666666,51.78947846094767,0.8649212956933567
803003,,,,,,,,,,,
804001,0.812134638428688,0.9160860776901245,-0.02921750582754612,-2.9095759615302086,208.91414687770742,40.84723189835773,0.8332568649968389,0.8945816159248352,0.7272727272727273,37.54776607860219,0.9017722492763087
809310,0.7309452891349792,0.7025260925292969,-0.009362926706671715,-20.08913904428482,9.32332680258946,-187.51852988763375,0.6662369836183033,0.9199494123458862,0.5,59.264540672302246,0.8715518435533178
912101A,0.7924824953079224,0.9759652018547058,0.020680688321590424,13.425794243812561,38.31005117248941,21.432227798003233,0.8197388279858712,1.143954873085022,0.5714285714285714,66.46300724574498,0.8942010721741589
912105A,0.7351584434509277,1.1893396377563477,0.004810748156160116,19.830511510372162,46.409439227148006,40.808849360678195,0.7862581101844166,1.0238815546035767,0.625,68.5670428805881,0.9037411386627267
915011A,0.6006181836128235,1.2268283367156982,0.03978291153907776,21.35753631591797,-84.93466702932533,74.94002140861409,0.6677939675264981,1.1974456310272217,0.45454545454545453,38.31038041548295,0.858844141238001
917107A,0.7169837057590485,0.9162302017211914,-0.08491646498441696,-9.701915085315704,-20.299925136765726,90.70557863531636,0.6592844558642645,0.7041043639183044,0.7,47.67097473144531,0.8533184556263236
919003A,0.7322386801242828,0.7890994548797607,-0.057356540113687515,-26.127004623413086,24.933154742397754,6.912904709140394,0.6712840078433077,0.7898945808410645,0.4,37.24250316619873,0.8606053214516689
919201A,0.5691418647766113,0.9792656302452087,0.0073960572481155396,-6.132577732205391,-32.64028008654023,76.6535508568376,0.7766375078892022,1.0342621803283691,0.7,54.50723171234131,0.780256986932544
919309A,0.9036635980010033,0.9829212427139282,-0.0075959390960633755,-5.2712272852659225,-36.97645462583702,82.49909301968107,0.9425980680336373,0.9751166701316833,0.3,26.44321918487549,0.951172571870936
922101B,0.6844988763332367,1.1125915050506592,0.016591867431998253,13.23852688074112,41.7138455953346,-6.47579084380067,0.8167302728148026,1.0492364168167114,0.36363636363636365,29.300459948453035,0.8640341176911828
925001A,0.804143875837326,0.981935441493988,-0.020387209951877594,-5.26701956987381,-14.130991510943586,49.84115935090549,0.8906877658534531,0.9581425189971924,0.8,32.10808753967285,0.9006481628544698
926002A,0.81207075715065,0.9257644414901733,-0.09291896969079971,-9.620796144008636,8.133909393440899,-4.071381684099743,0.8306241836395543,0.8801352381706238,0.2727272727272727,40.8564567565918,0.9061400623690361
A0020101,0.5790721774101257,0.5699034333229065,-0.013964874669909477,-44.23659145832062,-87.22518302023711,60.50821112610913,0.5199980432639557,0.9486297369003296,2.6,84.39762115478516,0.7931669323534593
A0030501,0.118155837059021,0.1307832896709442,-0.07807670533657074,-87.95279264450073,-84.14514766599292,-25.182762313057406,-0.05327006015527136,0.62233966588974,2.25,89.22131061553955,0.5404210599429623
A2390519,-0.37457168102264404,1.5308341979980469,0.15954826772212982,33.52460861206055,-66.46487480116919,-1801706640625.0,-0.22660839099414432,2.0494062900543213,0.5714285714285714,22.008492265428817,0.6513889882871745
A2390523,0.5776478946208954,0.9392191767692566,0.20707836747169495,-13.567294180393219,-47.21527857437676,-51.01585334710587,0.39037152027062194,1.5726549625396729,1.1666666666666667,90.53574403127035,0.7999528338035459
A2390531,0.29483240842819214,0.754828929901123,0.022153444588184357,-29.108509421348572,126249742.50793457,-1540129492187.5,0.4824945164495327,1.1593917608261108,1.0,66.55250787734985,0.5730370759982473
A5030502,0.8944162949919701,0.9462295174598694,0.009329750202596188,-4.416492581367493,-17.21032346248432,57.207394687200555,0.9184647776821463,1.0285855531692505,0.09090909090909091,25.061323425986547,0.9457819786802276
A5040517,0.8038897067308426,0.7096141576766968,-0.054126959294080734,-26.165130734443665,2.223995913557552,30.092590627524242,0.6656978017435653,0.8531976342201233,0.0,52.94414758682251,0.9232987109710564
A5040523,0.8419240713119507,0.9233633875846863,0.008266307413578033,3.402029722929001,12.733499002432556,90.94419357911256,0.8844062771820563,1.0264986753463745,0.3076923076923077,40.676098603468674,0.9176194282776332
A5050517,0.7707164138555527,0.7214660048484802,0.029766913503408432,-20.55268883705139,-82.34211140227211,-156.80785098411846,0.629277023119195,1.221200704574585,0.25,39.62925672531128,0.8954792488162937
A5130501,0.684354841709137,0.9497405886650085,0.06273746490478516,-5.488412454724312,-34.86929083670513,-57.03339748055101,0.7632179356988179,1.1644532680511475,0.7,43.964359977028586,0.8372275816537498
G0010005,0.17910230159759521,0.9683446884155273,0.003780183382332325,7.585559040307999,-58.69124984781229,-852620703125.0,0.5747531872271854,1.0247905254364014,1.5,62.71759271621704,0.5766582670341673
G0050115,-2.6895923614501953,2.5683133602142334,0.34111079573631287,186.7220163345337,111468124.38964844,-368030249023.4375,-5.937492099538615,7.754419803619385,1.0,25.921509265899655,0.7831983583814116
G0060005,-0.73430335521698,1.7503342628479004,-0.03949708119034767,24.236710369586945,451265335.0830078,-1078489062500.0,0.1587975572610415,0.8184369802474976,0.4,87.89628028869629,0.665851958669752
G8110004,0.6596630215644836,1.0998375415802002,0.014975028112530708,23.496222496032715,38.10293125612561,-112.41382124342374,0.810223232696379,1.059340000152588,0.7142857142857143,42.31668578253852,0.849911855627017
G8110016,0.7714909613132477,0.8312397599220276,-0.025163089856505394,-21.645337343215942,-67.69197855251021,-203.697023986465,0.7251601564885231,0.8192471265792847,0.2,38.96347761154175,0.8800611835126214
G8140001,0.8204796612262726,0.832710325717926,-0.044000107795000076,-18.737229704856873,43.07781399633194,-267.891329861331,0.7789913749728636,0.8869061470031738,0.7777777777777778,35.26083469390869,0.9101737364168184
G8140040,0.8828906565904617,0.9400708079338074,-0.052509356290102005,-10.223247855901718,26.64914410515476,-109.54196284236521,0.8625674099600962,0.8912538290023804,1.9,27.884058952331543,0.9410892281774703
G8140161,0.7791220396757126,0.9364461302757263,-0.07374236732721329,-9.261132031679153,68.20175801267607,-251.12154179322857,0.7543572436752558,0.7912879586219788,0.4444444444444444,49.356040954589844,0.8871259411480793
G8150018,0.8551805466413498,1.0001325607299805,0.008376029320061207,-0.9933529421687126,-69.12702938049453,-181.06172458073132,0.9222774333610891,1.0283563137054443,0.5454545454545454,26.86113877729936,0.9276349582627686
G8170002,0.8407925814390182,0.9703236818313599,-0.012611497193574905,-2.580985054373741,366.07123255784455,-23.388635621061574,0.9031886753287076,0.9569990038871765,0.25,35.27582089106242,0.9184974659420397
G8190001,0.694126158952713,0.8972905278205872,-0.015076986514031887,-18.898262083530426,3.3330719558684123,23.086042969067794,0.7943724885416668,0.9314902424812317,0.0,68.97405783335367,0.8355620149786158
G8200045,0.8079161942005157,0.7881703972816467,-0.03503209352493286,-27.150291204452515,341.98858805913267,-291.9471317098668,0.7471007901568341,0.8974834680557251,0.2,26.000537872314457,0.9073901169982341
G8210010,0.44270652532577515,0.8348333835601807,0.0078012398444116116,-16.967467963695526,232.81549362232602,-68.57023114795201,0.6413867429994814,1.0240939855575562,0.6666666666666666,61.13519138760037,0.6825997215340007
G9030124,0.49072182178497314,0.5603119730949402,-0.026823054999113083,-40.77615141868591,1016073036.1938477,-744119482421.875,0.443258936043306,0.8063390851020813,0.6666666666666666,71.86595598856607,0.7186985578905289
G9030250,0.6926264762878418,0.9665152430534363,0.010787421837449074,-2.1976573392748833,9.540119344942932,-117.4828178872261,0.8350869040011857,1.0315234661102295,1.375,42.196814219156906,0.84162900717448
G9070142,0.48455536365509033,0.881671130657196,-0.03112194500863552,-20.93561291694641,-33.20093366544427,79.1727459638537,0.6598758482234406,0.8546448945999146,0.7777777777777778,103.44931284586589,0.7161785585338774
